_Fernando,0,https://cdn.discordapp.com/avatars/181900377157926912/f679137552379f74e415e85ef1833a06.png?size=1024
4CVIT,0,https://pbs.twimg.com/profile_images/1741236380817063936/VUujj7U6_400x400.jpg
AdamsHere,0,https://cdn.discordapp.com/avatars/253932623821275136/3724b2aea25106a94e81db6c1cdb62ea.png?size=1024
Aethema,0,https://pbs.twimg.com/profile_images/1723113594135662592/47u1WaV5_400x400.jpg
AnOrange,0,https://cdn.discordapp.com/avatars/933388520972775455/17272294af6a2cb82ce643797d20cafa.png?size=1024
Antfrost,0,https://pbs.twimg.com/profile_images/1483897098659450880/_O5_pu0V_400x400.jpg
Anthos,0,https://cdn.discordapp.com/avatars/522978889643851786/5a540681a08e1e0cbb43dae497e2239a.webp?size=1024
AragonTelly,0,https://cdn.discordapp.com/avatars/743103164395421820/926bd4d47adf9fb610f8921c5b38d790.png?size=1024
ARJ64,0,https://pbs.twimg.com/profile_images/1758930881522085888/Nl7-pMxm_400x400.jpg
AvaJC,0,https://cdn.discordapp.com/avatars/377348967639416834/b9890be4f82502151cb3567cced93e81.png?size=1024
axoleo,0,https://cdn.discordapp.com/avatars/878416300433604648/7d47afdf701bef0062876bf343b9d00a.png?size=1024
BeastPlays,0,https://pbs.twimg.com/profile_images/1541401613025398784/xBUxTovz_400x400.jpg
BerthaDarling,0,https://cdn.discordapp.com/avatars/397510424376901633/e91520b4d3ff38eb17ae72adc0fd3bd1.png?size=1024
Brinkz,0,https://pbs.twimg.com/profile_images/1764398707057815552/_5ExR6uE_400x400.jpg
BroWo9,0,https://yt3.googleusercontent.com/oZj0O5VRvkGb71AcKDNEUaZfKhOQIxka0sz6_9No0KmAMedskQAdtOW7AK8h9WX6ezO9dgx_hg=s176-c-k-c0x00ffffff-no-rj
C10WD,0,https://pbs.twimg.com/profile_images/1605390605177085952/uxzVWS5N_400x400.jpg
Captain_AJX,0,https://cdn.discordapp.com/avatars/995125265825017949/023fef11146038c9a2207f764017a13c.png?size=1024
CaptainDanboo,0,https://cdn.discordapp.com/avatars/920015902311841822/0be70d01b1e82070b474e9a8c822f945.png?size=1024
Caracql,0,https://cdn.discordapp.com/avatars/366176060192063509/44572b3c1c61fb1eed8176e9643869e5.png?size=1024
Cayce,0,https://yt3.googleusercontent.com/4ta8-sN9Rbbu9d9k3F9L8zNs19kGfphj9lh-0meg2kCekc6PZsGKfAQqNOQ5Qr5bB-DISH08XA=s176-c-k-c0x00ffffff-no-rj
Clyran,0,https://cdn.discordapp.com/avatars/281852567301128192/160bcc9b08731f5e0930e219acc19a7b.png?size=1024
CupcakeGaming882,0,https://cdn.discordapp.com/avatars/311311686374129665/92b8c0827c3cc5ef594cf99a5312166e.png?size=1024
CxrtxR,0,https://cdn.discordapp.com/avatars/406422983654113290/a7ff8c28aa33d8233ac398b593a78274.png?size=1024
DavidKrow,0,https://cdn.discordapp.com/avatars/731197278060150947/699d383007a19485db94ec9b41fe03af.webp?size=1024
DebbieMorales,0,https://cdn.discordapp.com/avatars/211908686497579008/ec0c83f29a0bc6917202b77d9059bd05.png?size=1024
Den15,0,https://cdn.discordapp.com/avatars/923547190780108820/7c49a36f91e61f7d7389263647e1a6ec.png?size=1024
DisguisedMoa,0,https://pbs.twimg.com/profile_images/1637861807866929156/hCJqVafg_400x400.jpg
DONG_FORTNITE,0,https://cdn.discordapp.com/avatars/234651741260480512/f0635b6cf9f0584b610f3d6ade8eccb2.png?size=1024
EpicFH,0,https://cdn.discordapp.com/avatars/173153355927912448/b75a6d24515ec531c7c8a112b6909ea4.png?size=1024
FireBreathMan,0,https://pbs.twimg.com/profile_images/1485022505601482752/TNZokOL1_400x400.jpg
Frosties,0,https://cdn.discordapp.com/avatars/868870230745686047/82c283f21942c102eee445e8204bc2bd.png?size=1024
Fruitberries,0,https://cdn.discordapp.com/avatars/235545161629827072/ed8c1142dddab2b247325570a063708b.png?size=1024
Gazzza101,0,https://cdn.discordapp.com/avatars/920001396957405194/114ad97bd3b6bc8aaa2172e52916ba70.png?size=1024
Golemell,0,https://cdn.discordapp.com/avatars/140522491725611009/0f0dd455fd4aab31de44337309299ebf.png?size=1024
Guggle,0,https://cdn.discordapp.com/avatars/315218068206911508/39a8c7b3f7bc691d273a83725c34bb74.png?size=1024
HammSamichz,0,https://cdn.discordapp.com/avatars/784266991367225374/1ddb66484243dd7af66e007b8d5719f6.png?size=1024
Hashtagie,0,https://cdn.discordapp.com/avatars/840118759800963093/6195793038248a75a34d7a4d79ddaa7e.png?size=1024
HubonBugon,0,https://pbs.twimg.com/profile_images/1575898410665885705/xjc80wuc_400x400.jpg
Huevito,0,https://cdn.discordapp.com/avatars/561941692941336579/e949c625bea7e550a35fbb8b5cb6340d.png?size=1024
Hydu,0,https://cdn.discordapp.com/avatars/973355282065424455/54b4e95fa717b4b3d4551d8bf5740461.png?size=1024
hype26,0,https://cdn.discordapp.com/avatars/900429203227435089/42337fa7944ec23bed1fc29aa380daad.png?size=1024
iceboy,0,https://cdn.discordapp.com/avatars/360044312156962816/160c8565dda7d43bb7a8a20eca132327.png?size=1024
ImFrostYes,0,https://cdn.discordapp.com/avatars/925006889614475334/7863b3f7e14cfe139de475fae8ae2af5.png?size=1024
InsaneOrbitzz,0,https://cdn.discordapp.com/avatars/508311709199368206/c07a437d8253ceb83cd7b8e9eb06faaf.png?size=1024
ItzIgglesPiggles,0,https://cdn.discordapp.com/avatars/196293600798179329/0dcc1dc91f7f2dcf475b3098fc475570.png?size=1024
ItzTaniel,0,https://cdn.discordapp.com/avatars/402518693172740098/924839a32680e518bf8f2be71bff4a88.png?size=1024
JackCas,0,https://cdn.discordapp.com/avatars/709758810646118570/7a531f4ff9d6052292db4f89b32fea11.png?size=1024
Jokana_san,0,https://pbs.twimg.com/profile_images/1631406702099668994/QsovSJDo_200x200.jpg
JustCoalHere,0,https://cdn.discordapp.com/avatars/751455114174136461/451484dfe7db9a0a30e11b16c2a0886d.png?size=1024
Kaelan_,0,https://pbs.twimg.com/profile_images/1694863002892218368/05IFzr_0_400x400.jpg
katevena,0,https://pbs.twimg.com/profile_images/1560973149000421380/edbC3GC2_400x400.png
Kelawesome,0,https://cdn.discordapp.com/avatars/168849113830391809/af955c4db8bb7ffb4ed7532bb3752d2d.png?size=1024
keyshinx,0,https://cdn.discordapp.com/avatars/1107367909384269956/dcca6030a7e75e7ead041170761ff4f1.webp?size=1024
KhaiLive,0,https://cdn.discordapp.com/avatars/621597029465980929/25f0f0b424d70d1281fa1b683f7ee933.png?size=1024
KhaosKorps,0,https://cdn.discordapp.com/avatars/429337201986240513/6b62e4f9fda9ce73d71bf56c3a40e518.png?size=1024
KingDixie,0,https://cdn.discordapp.com/avatars/762065171522781195/3fc9b4b88d493c0f1013f24d16b6a62c.png?size=1024
KnivesBow,0,https://pbs.twimg.com/profile_images/1748487707863715840/ufPQ89pV_400x400.jpg
Kratzy,0,https://pbs.twimg.com/profile_images/1746918934845251584/a3546tO1_400x400.jpg
Laqqy,0,https://pbs.twimg.com/profile_images/1719897805072863233/Tv65B48s_400x400.jpg
LockieNess,0,https://cdn.discordapp.com/avatars/178120243405651968/19763c4e237852567bb6e25ecc07e901.png?size=1024
lynrose,0,https://cdn.discordapp.com/avatars/842737927938768927/558189aaaee6d0c2928f00e437704dcd.png?size=1024
Macklez,0,https://cdn.discordapp.com/avatars/345706404331520018/efa837a25efad93254b9016361166d36.png?size=1024
Maskyzee,0,https://cdn.discordapp.com/avatars/513730380684328982/82d7dd139d9b8018b225371d83893a49.png?size=1024
MasterGarf,0,https://cdn.discordapp.com/avatars/221017213946167296/8dacb984f33d9bd62b74c2484fb63b25.png?size=1024
Mcmorganplayz,0,https://pbs.twimg.com/profile_images/1695813432312745984/WfxG6nU__400x400.jpg
MechStep,0,https://cdn.discordapp.com/avatars/900432378651090994/17bcc911cda714529cfe0a01bab26dae.png?size=1024
Messyo,0,https://cdn.discordapp.com/avatars/941826740043518003/575373cad3fff435b253a5920098a4e1.webp?size=1024
mightybrothers1,0,https://cdn.discordapp.com/avatars/204627152300146689/219dfe34f1274e31649c5a8001734f4f.png?size=1024
MoonIntensity,0,https://pbs.twimg.com/profile_images/1560710668101230593/UAiAV80v_400x400.jpg
Mrkvaman,0,https://cdn.discordapp.com/avatars/613346313844686854/84d348ed143e3d46bd84c67506283c76.png?size=1024
MxAero,0,https://pbs.twimg.com/profile_images/1649241177391083523/H3tFEdAH_400x400.jpg
Myuws,0,https://cdn.discordapp.com/avatars/1106712222341791865/28ca7d48a492a5c7f44473da8142e5ee.png?size=1024
Nomadoftheworld,0,https://cdn.discordapp.com/avatars/613147437569277965/fde966f743b368b5801adf8c8617f0c6.png?size=1024
Nominalgravy,0,https://cdn.discordapp.com/avatars/527226815895306261/5eb5b484cf239195d66fd6843a8fd07c.png?size=1024
Noru55,0,https://cdn.discordapp.com/avatars/572814201765101568/5347a911202770989c3f910c1d56240c.png?size=1024
Nukerii,0,https://cdn.discordapp.com/avatars/161502667917623296/9f5665c77b86c35e0e30743151ddb2fe.png?size=1024
oGarfield,0,https://pbs.twimg.com/profile_images/1721652862600511489/h-OPkAmn_400x400.jpg
olivehoodies,0,https://pbs.twimg.com/profile_images/1587329036061130752/Gj7uOo_0_400x400.jpg
oToadd,0,https://cdn.discordapp.com/avatars/346805786145587210/ad821eeaac7c4e64b44b8c61409fa632.png?size=1024
PhazeRay,0,https://cdn.discordapp.com/avatars/367419990003023873/b2a362ed8af1abad19e23dc7be1e0ab6.png?size=1024
PrabsSSP,0,https://cdn.discordapp.com/avatars/787451422261510186/a2f6cd7ecd8b388e29746a32f3299475.png?size=1024
ProtonPixie,0,https://cdn.discordapp.com/avatars/1064696693511159868/18add73d5c1f3a1863309656f894d5f0.png?size=1024
Pyroscythe,0,https://cdn.discordapp.com/avatars/198228284775989259/4d080bd75315352ec6d7a0478c7d93a5.png?size=1024
reallyrobin,0,https://cdn.discordapp.com/avatars/348633601702887446/534fa2d41162e26cc687c2aae0573269.png?size=1024
Reddoons,0,https://cdn.discordapp.com/avatars/198981202139545600/db5c6ce4d7b3744690cbdfc2b48e0b26.png?size=1024
RiceinRealTime,0,https://cdn.discordapp.com/avatars/338040081317232640/54ff3a818d8912a1579eba7fc6bbc74c.png?size=1024
ricekristys,0,https://cdn.discordapp.com/attachments/1215420008729939988/1219704517344366663/IMG_2036_-_Kristy_Kroes.jpg?ex=660c4559&is=65f9d059&hm=4e1dafccdc5afe0fd8631c2dd04bb7571405e6dc4a341e982d706ce6d75693c4&
RomanRodri,0,https://cdn.discordapp.com/avatars/133794976533315584/a04eb01e6e92f5ee016cdf20b5a9c1fc.png?size=1024
Roscumber,0,https://cdn.discordapp.com/avatars/415962093292879881/aca5f8ff7f7f511faac412d411d6dfb3.png?size=1024
Running__,0,https://cdn.discordapp.com/avatars/417063500918292481/f61d8c7f4194765fbf2b5cac46c4c081.png?size=1024
Sahwgunn,0,https://cdn.discordapp.com/avatars/742132724122517504/47a01fade7f71092fbab432343a4f769.png?size=1024
SandwichLord,0,https://cdn.discordapp.com/avatars/819670673755996200/796d9564b8f34dfa0c5ddb285754d72b.png?size=1024
ScottoAC,0,https://cdn.discordapp.com/avatars/580867846033113108/1594d4b3f29d1d4e98d58265d9c7e54d.png?size=1024
Seapeekay,0,https://cdn.discordapp.com/avatars/172008491228200960/73757e61a024b0219a1a2ac73577f3d0.png?size=1024
SenyvanOrion,0,https://cdn.discordapp.com/avatars/322098789085347851/a271f937ec28cf55bcef727abd403da9.png?size=1024
Shalomanon,0,https://cdn.discordapp.com/avatars/641756370563235870/ae6a561d7af1f6487b41329ebc9ff99f.png?size=1024
Signitically,0,https://cdn.discordapp.com/avatars/888937096960671744/76f007d5193761ae76b822b03ab5ebbc.png?size=1024
sinaheh,0,https://cdn.discordapp.com/avatars/662733222903414826/a_1ad6e581071e427e17edcc5ab0822008.gif?size=1024
Siv,0,https://cdn.discordapp.com/avatars/320218845623222283/009121005331228bf59e34184544fe9e.png?size=1024
sncm,0,https://cdn.discordapp.com/avatars/269170817001062402/338a4ee54e7974955c5fb1f252ea0f56.png?size=1024
Somebirdgal,0,https://cdn.discordapp.com/avatars/648666673817321502/9a72e150e50a5001c79c95ded8fb8cc9.png?size=1024
SoulTB,0,https://cdn.discordapp.com/avatars/322683391965134848/a4e039be2f44d77df13d6d3492fd3604.png?size=1024
spacebr0wnies,0,https://cdn.discordapp.com/avatars/793581165121896478/02582f9d583d1348cfbdde42f7e7c0f2.png?size=1024
stariish,0,https://pbs.twimg.com/profile_images/1738186950182379520/ZFacgEqr_400x400.jpg
StarTube,0,https://cdn.discordapp.com/avatars/929815693191438456/3af0e76afd8a7a68f5dc749cea9f16ab.png?size=1024
Stemister,0,https://cdn.discordapp.com/avatars/105753278230319104/a358c9768ac3b066c6ff28237ba1e28b.png?size=1024
tailsboy,0,https://cdn.discordapp.com/avatars/757614760668954634/70461d4793040cb683bae06efc6cf43a.png?size=1024
TheLostOneiroi,0,https://cdn.discordapp.com/avatars/637226999156572160/834ed85ccf9662ffb641093b11e3edb0.png?size=1024
TinyRiotx,0,https://cdn.discordapp.com/avatars/445301399035707393/a107b54f4c778d371e6616cdf9a887e8.png?size=1024
Torteal,0,https://cdn.discordapp.com/avatars/727950837325889575/92e1261bc21ce2f909a8893f36f8d242.png?size=1024
TropicalT,0,https://cdn.discordapp.com/avatars/367449067195727883/ab2a5526b0e35aeab3ef96254aa8add0.png?size=1024
Trualist,0,https://cdn.discordapp.com/avatars/312614646177857538/20cdee45e382e512d9f449418c16e340.webp?size=1024
TwiggyHD,0,https://cdn.discordapp.com/guilds/1097258742170533929/users/367781134563803137/avatars/e3dcab7f1be983ac8c4b8ad72634e91d.png?size=1024
typicaltrevon,0,https://cdn.discordapp.com/avatars/342151497003433984/b6ccffb7e22bda69567c98cbc9146562.png?size=1024
vDawg,0,https://pbs.twimg.com/profile_images/1587631020756582406/a0tSdgz9_400x400.jpg
Voidiable,0,https://pbs.twimg.com/profile_images/1711856909840424960/HoP5bR5Q_400x400.jpg
WadeBox,0,https://cdn.discordapp.com/avatars/135131238481657856/b120061f11a651f1b325314226070c2f.png?size=1024
WeChokeOnMilk,0,https://cdn.discordapp.com/avatars/455642450850086913/067f04a6f0d6cbd4d57eb72425cd8f3a.webp?size=1024
YaniMayuo,0,https://cdn.discordapp.com/avatars/918982360970711142/708710fa69b4c86a5b44017791665443.png?size=1024
yomikester238,0,https://cdn.discordapp.com/avatars/584416785126785045/8ec2e5fdb5c4a5d3077ce32ef3c5f715.png?size=1024