Smajor1995,1358,https://drive.google.com/uc?export=download&id=1rRHRyzX166pbNfk7bwynknW5KqL4NF2m
LDShadowLady,1470,https://drive.google.com/uc?export=download&id=18p5Px2TQ3T4F36TQOoKpD5KAU6s5BXC2
Smallishbeans,1078,https://drive.google.com/uc?export=download&id=12Lv5BgL1BQ_A3u4QI6lT4B47Iv_vK_C_
Yammy,1534,https://drive.google.com/uc?export=download&id=1eP1dq4T8hfbm5ao2zO4Mcj0R95_MV_k_
DethRidge,1576,https://drive.google.com/uc?export=download&id=1TKEg2WKJ-Nw_KApg6jthcpobiLTa571g
iJevin,1654,https://drive.google.com/uc?export=download&id=1mcsKO-7A_V51PtapcKpkhd4kkPsgj48q
Wolv21,1703,https://drive.google.com/uc?export=download&id=1ClOfafwX9dytTL2XfmHfslfYSAyTuAhq
CaptainPuffy,1895,https://drive.google.com/uc?export=download&id=1Feo9QCxrRJqxWHdrnuK6Fgowk8c-Q1j5
InTheLittleWood,1073,https://drive.google.com/uc?export=download&id=1ZkRUKeZLyLyN8yfHDD-8b1rqCtatKi1i
NettyPlays,1351,https://drive.google.com/uc?export=download&id=1LFGVKxtjjCEAqwbvGhX6Dy_j8FirpK9k
SolidarityGaming,1944,https://drive.google.com/uc?export=download&id=1Ox4cHxlbMx_TuVdyTlgZ11hIsqjlCo_O
MiniMuka,1682,https://drive.google.com/uc?export=download&id=15aghR6WzWiiWFGc7fMZx6gDXB9rcjih6
Vikkstar,1949,https://drive.google.com/uc?export=download&id=12aT3LVIOZoOkgIEQISlEREyl46E257CF
PeteZahHutt,3150,https://drive.google.com/uc?export=download&id=1WSFL4HW3E5iy77xTkd8nTuMD5feFkjEj
Rafessor,1217,https://drive.google.com/uc?export=download&id=1BhpPJPxonsw0jb0klfpfZsI4g07dKCXU
FlorianFunke,1323,https://drive.google.com/uc?export=download&id=1fcXs9V_bLpbBn2Vht1p2Khecuc7YT5T0
WilburSoot,1994,https://drive.google.com/uc?export=download&id=1bVuScj1FcvzfeOMVJr6wtgS6pbtlqErW
JackSucksAtLife,1208,https://drive.google.com/uc?export=download&id=1zBlvmQGZ0Vc0kVEY69EjiavjvQIXbgud
Ph1LzA,1415,https://drive.google.com/uc?export=download&id=1fRgdzM19yRdQTXpJxJhIs3t_lYMxcc21
Ryguyrocky,1217,https://drive.google.com/uc?export=download&id=1yWud1tK2hPhvt6TIKidHPIvTXnu1mk-N
KryticZeuZ,1285,https://drive.google.com/uc?export=download&id=1lg8Kw744gsD5rwbKQ6A_Q3DdPs5NM3M9
Vixella,843,https://drive.google.com/uc?export=download&id=1fHpkxu6hmp-WmhA6uL-4tURZ3EpcQw9h
JamesTurner,1011,https://drive.google.com/uc?export=download&id=1kyuxBhmhwF3Vtox_xWUTgdvG5ANy9la9
DrGluon,787,https://drive.google.com/uc?export=download&id=1PzK0Yn_mXE5ddrIPABS697Inca7kzobC
iHasCupquake,1032,https://drive.google.com/uc?export=download&id=1KuU5ECqJziPKVfnkeUpdbbFq4E7YZGe7
JoeyGraceffa,982,https://drive.google.com/uc?export=download&id=1na6Q8-kol-uRwDJtlV3yDO7_tynub_Ku
Strawburry17,1154,https://drive.google.com/uc?export=download&id=14HVoioAt4D6_I-1-xb1BAJZChgnmLBmQ
CaptainSparklez,1327,https://drive.google.com/uc?export=download&id=1-3Hv6jvBFjZhAnh3i3vp9ZczcFLaEDN8
HBomb94,1642,https://drive.google.com/uc?export=download&id=1jcVtWpPnXAfQTy-ZoUPZaOnEy1jF5Gr7
Quig,3095,https://drive.google.com/uc?export=download&id=1WwOr_pgQuBe5ElW2OfVhPqJ36I6gRcKQ
BBPaws,1375,https://drive.google.com/uc?export=download&id=1lty9CexEYy3Bm-gGkyRCTGi2N5Fa2J_t
Shubble,1799,https://drive.google.com/uc?export=download&id=1cz643U80NWaD_fDx52zpqFOQ0tqkTlQn
Michaelmcchill,1863,https://drive.google.com/uc?export=download&id=1zKuoChr1LreJ6Vgwh23ZQBmvXizNRw8l
KaraCorvus,1729,https://drive.google.com/uc?export=download&id=1PF1iS94gUHBbuVbFzIB21yPArr3gURYf
Krtzyy,1635,https://drive.google.com/uc?export=download&id=1fJA5rTTnDsiT0iECZPwSd8-QW4m4et89
KingBurren,1038,https://drive.google.com/uc?export=download&id=1cYtoCgkbmoF5P-jcHDvKfkhX9Yx-fQRz
Jameskii,1674,https://drive.google.com/uc?export=download&id=1UpaASkja5PsHP0CWsJEkq_lRyQjQcu09
JcTheCaster,1614,https://drive.google.com/uc?export=download&id=1Ij7ZeHUD_FbIkbu0-WyJ_k4PHAb-q7Rk
Eret,1688,https://drive.google.com/uc?export=download&id=1ErKoKX51YyX_0NMmeVg53RYOEYBr2569
ScotGriswold,854,https://drive.google.com/uc?export=download&id=1a8Jh7g6HkpiguYVJi32YRkoYbWGD6U-q
TankMatt,1642,https://drive.google.com/uc?export=download&id=1J3_8rWhqtJfgl7H1R4MpmkHktyLXJLx2
Technoblade,3241,https://drive.google.com/uc?export=download&id=1JLUSHCK91yCmNuQAsv7UiKvW_W6ebKH5
Seapeekay,1337,https://drive.google.com/uc?export=download&id=1vyP13WoYzqESygQy-sLa0JS2qd1EAY4h
Mefs,1514,https://drive.google.com/uc?export=download&id=1bsdZCADftyfBqRRoCkfXcox6wFpJT8NN
TommyInnit,1383,https://drive.google.com/uc?export=download&id=1iDDbxXjFHWI4SGuQQqO6GxbXUu0zPjit
Jestannii,1493,https://drive.google.com/uc?export=download&id=1XZiOTIYt0Ejco2AD6jMQtRA0MzslFnHw
RTGame,1557,https://drive.google.com/uc?export=download&id=1vf3lUU8GZcFOgiDP27wQznSletGxQFMr
ToxxxicSupport,875,https://drive.google.com/uc?export=download&id=1Bv1LGRfFdHFnwOngmbi8-KpaGk3jtsJQ
Skeppy,1402,https://drive.google.com/uc?export=download&id=1SzY6e55RZX15ewUoKmVlDZZnvTeGUBiD
BadBoyHalo,1728,https://drive.google.com/uc?export=download&id=1bHKTY6AaRQGr0BJs0WusakErcUa4CtSm
Katherineelizabeth,1404,https://drive.google.com/uc?export=download&id=1TShmRKSsTDt17DMvU8nkTCpFOFLNGnqb
Krinios,1346,https://drive.google.com/uc?export=download&id=1lyzkQZJnT06USw51C6ZDa0xIDtY2C3pG
Sylvee,1605,https://drive.google.com/uc?export=download&id=1_dIn3M3d2PU9QAWh8VFyP9l2g2B_ekQe
Marielitai,886,https://drive.google.com/uc?export=download&id=1DY8EBE-dbYkxd8BXSGpyv9owdJbptzEt
OrionSound,1599,https://drive.google.com/uc?export=download&id=19wPrUO1G85ry5VDB-vGga66q2IYnZhqX
Steph0sims,550,https://drive.google.com/uc?export=download&id=1-AOWp1GCvpyBd4Vf2Orzl_DIr0nJT3aS
Calvin,1476,https://drive.google.com/uc?export=download&id=1XUyan9JI_jcDmDOPZwoDS9HPb5t9lPIT
GizzyGazza,1620,https://drive.google.com/uc?export=download&id=1G6i4sFmWy-YrmiS0S_fh2YyFEnUoGDBB
Voiceoverpete,1009,https://drive.google.com/uc?export=download&id=1s6BlFn1yZzOsd2r_EI0rBCKUXdXZZQQj
Plumbella,640,https://drive.google.com/uc?export=download&id=17-d7k2u7zSGYRSFkKbnyjKmyWcLoDCls
Bitzel,1311,https://drive.google.com/uc?export=download&id=1TKlMsaWrDANIrMsDVtzZRGhLSckh2b0f
FalseSymmetry,1814,https://drive.google.com/uc?export=download&id=1veaw_XcVqkucvtZ40Arp4iMZs7Hc2Gu9
Rendog,1548,https://drive.google.com/uc?export=download&id=1Zh38d-bWo-BghpKMdhAa3Rj-244KIRRx
fWhip,1149,https://drive.google.com/uc?export=download&id=1fXkmUpqPcRKZu7SIdYWl782dHI-27WRO
JamesCharles,905,https://drive.google.com/uc?export=download&id=182cFtGAngy6xIYc4kzJ_2SbUD5nLtMOw
Laurenzside,1036,https://drive.google.com/uc?export=download&id=1bKtC8aAFsSDvwYpjNIlzChWcG8oZN9oy
JeromeASF,1050,https://drive.google.com/uc?export=download&id=1bCXrtNuOnJc3qF3LASRAsjDXo53UCYKa
Graser10,1008,https://drive.google.com/uc?export=download&id=1wYz-ez6yjg5Voef84aRg4y0TDFtjd59e
iskall85,1158,https://drive.google.com/uc?export=download&id=1mnHIMrIcu67nimTT3UepY16L2QUHVXbl
Cubfan135,1757,https://drive.google.com/uc?export=download&id=14FXBdqsdohC5ff5euXTu-S0cRU3cnST6
Dream,1924,https://drive.google.com/uc?export=download&id=1IicxrP1IRe7hhWUaGd8ZE5z2FthAaf_2
GeorgeNotFound,1306,https://drive.google.com/uc?export=download&id=1QzK-tHsC3V6fGLKM9F5Jl39gBFuUGRjW
Grian,1029,https://drive.google.com/uc?export=download&id=18agN-QWqVh-cua1USGYSrA4NhSVWyQUn
fruitberries,3083,https://drive.google.com/uc?export=download&id=158QxBvejCMQwEF081_-eQqmfsh-Nwpd0
Fundy,1619,https://drive.google.com/uc?export=download&id=1RuYIQrJfawAPHGznwWwy3s60YzJSOrFL
PearlescentMoon,1779,https://drive.google.com/uc?export=download&id=1jtHI0na-5aHRzKoYF1_Dk6K1J_WTmD2T
Sapnap,3022,https://drive.google.com/uc?export=download&id=1R4VDUq05UjWZkrmaAw896U-VDHdx0XCL
RipMika,576,https://drive.google.com/uc?export=download&id=16OCqnTU89dJNPIHLYXkYEDfs714DPpGP
TapL,1465,https://drive.google.com/uc?export=download&id=1G1jNJbrDGHROrwbRWFw2Z5jv2w4tosgj
SB737,1387,https://drive.google.com/uc?export=download&id=1KJLpDDaGvyYyNheYGJDXa9naeaVKu98u
F1NN5TER,1721,https://drive.google.com/uc?export=download&id=1NJoHV7SxiWTcMsYzb1Hh_NBRYU1RQStK
Spifey,1737,https://drive.google.com/uc?export=download&id=1-d_Q4vlLOwj6AfmWvhYvpXJuSejmFCVN
Tubbo,1219,https://drive.google.com/uc?export=download&id=1vU_9RPbc5sekyMJU4D5RJ334Lmw5DPq2
Nihachu,1137,https://drive.google.com/uc?export=download&id=1Abuyr6JPhB5eAMYW4NKLZi7Etg6VDskE
Pokimane,676,https://drive.google.com/uc?export=download&id=1KfBX4wpMMR_iHSi0Ge2R6LpPJRUzDy8M
Kontuz,941,https://drive.google.com/uc?export=download&id=1Hk4l4xFyd0tze06aGa8hWszHs_FnSbHn
uwuCorbin,1471,https://drive.google.com/uc?export=download&id=1StwrG4DaCQjK1QnHxHXWgKMYBO-Bjwjr
ItsJustOriah,1312,https://drive.google.com/uc?export=download&id=19exkYikJcFwH4rVqQD_VE48Z-tFVYqKk
YeetDaisie,819,https://drive.google.com/uc?export=download&id=18MKC3RtqKC2l-WrByikEUsNnlzgC-klW
Roguskii,640,https://drive.google.com/uc?export=download&id=1OMYrizAaNUWzTMlMxf3B_HSYTSJLRBIY
PEARLBYTEZ,705,https://drive.google.com/uc?export=download&id=1Ajgbgcmt5xsscDU1Zcjd9GGhWl0wV3KZ
Asnazum,561,https://drive.google.com/uc?export=download&id=1PsU31gqbAXcsxRid-Stzs3FG8FR6gLst
iicbunny,811,https://drive.google.com/uc?export=download&id=1DEJ-rqMn4B2Q7u6Bs0W7kD6lwKbgpNBg
DanTDM,1908,https://drive.google.com/uc?export=download&id=1UI-sHOotwHaMgZl7tAOugEYKgdNUv1O3
ConnorEatsPants,1183,https://drive.google.com/uc?export=download&id=16vVqjr4LZDPURH5xkKDtbMz1wxnH5ptR
Quackity,1468,https://drive.google.com/uc?export=download&id=1kHtAM8LYOWevVLp0KQ2RaGgF9hXAXq6b
KarlJacobs,1540,https://drive.google.com/uc?export=download&id=1OZOJnSFB1q3Nxckyvv4DLTjZVBvQAuqr
Wisp,1972,https://drive.google.com/uc?export=download&id=1ab_lknBx9Ph5qy2DfsUG1poS8F_2N8HT
Illumina,3042,https://drive.google.com/uc?export=download&id=1XYGDC-1PGoNa9dbJNQoyZ9ONU4dOhtys
Punz,1823,https://drive.google.com/uc?export=download&id=122Offiz9byWF9rFRjJ8g09SIfu92YlKj
Ludwig,1371,https://drive.google.com/uc?export=download&id=1FLOq_cAOSYiTFbdVWoZEeFUqoQ0IgU1E
JackManifoldTV,1746,https://drive.google.com/uc?export=download&id=17P-ntUyWvDeKfWoq58Qn62L63vuxY1FO
Antfrost,1493,https://drive.google.com/uc?export=download&id=10WAvUtnxEpTtKi6te-88pRcfe5GdcEDB
5up,1187,https://drive.google.com/uc?export=download&id=1K3Zbx0nSwWV_LeD9dpEjweJI2Va_Lej0
PrestonPlayz,1083,https://drive.google.com/uc?export=download&id=1gybzCwfHWe6Y1Gm2RvOEOVYJUSsmYv-9
Ranboo,1362,https://drive.google.com/uc?export=download&id=10TyG0saP3uS1onoeifKwj8l3Rbd8U7rn
Ponk,1725,https://drive.google.com/uc?export=download&id=1nFhXojsbHlUwP-QpmO8Or9MJFMcXfddK
vGumiho,1590,https://drive.google.com/uc?export=download&id=1Q3q87w98IkgkDrRpaG_Pk9SvLKnFAYPb
GeminiTay,1713,https://drive.google.com/uc?export=download&id=1yNWZ90aHCZkB8ir5kqaXGIJcqVFOz9LG
Sneegsnag,1897,https://drive.google.com/uc?export=download&id=1OP1YgP8Q57UqDPHXLyVz9QUxTi6SDk__
GeeNelly,1444,https://drive.google.com/uc?export=download&id=171Sws46eoFFJZkECxid6UAg0LRkMDp8s
Awesamdude,1962,https://drive.google.com/uc?export=download&id=1GWuW0AsXPkZVWMei6BQ5d5Vxtu1YnsY-
Slimecicle,1989,https://drive.google.com/uc?export=download&id=1ZjnmL8HOL63BH8VQsrv_bGmV6Ryc6bcO
Purpled,1759,https://drive.google.com/uc?export=download&id=1Pf-t7OdUMp_IWdY3hbKIO0ij7Pm75YcW
ElainaExe,1395,https://drive.google.com/uc?export=download&id=1Tk2iAt4w65cJevXyN2lQFEWZ-QT98O1i
GoodTimesWithScar,1361,https://drive.google.com/uc?export=download&id=1No1T-al_PPqs9CziYRPfb0HGnbt2gGjq
Snifferish,1359,https://drive.google.com/uc?export=download&id=1aymKCO7DwPwtBCqy5rYcqT1K3CXZL9Db
jojosolos,1803,https://drive.google.com/uc?export=download&id=1jxRI9KBgvZCNnhL0yE16v8nP5GVYDLKA
Mysticat,1000000,https://tse1.mm.bing.net/th?id=OIP.7AL4QN4jaRz77DPdHJZi0wHaHa&pid=Api
Blushi,1313,https://yt3.ggpht.com/ytc/AKedOLQ-PYqj1v0EJG6xK_SuaU9RwFRNMO4vzgNqBXTMfw=s900-c-k-c0x00ffffff-no-rj
FoolishGamers,1705,https://yt3.ggpht.com/ytc/AKedOLTMllz0az_WLC3bStxGML4T8caJSfXDTBpbRSB-dQ=s176-c-k-c0x00ffffff-no-rj-mo
TinaKitten,898,https://yt3.ggpht.com/ytc/AKedOLQjnM8JyhBM51HaAA8XaPCNsgbs2Aa3o3lMOq8W=s176-c-k-c0x00ffffff-no-rj